解除好友2：暗网,7.9,3,比起前作好一点吧,2018-09-16 17:33:31
解除好友,6.5,2,题材新鲜，其他都很普通,2018-09-16 13:58:40
史密斯夫妇,7.6,4,好玩的电影还是稀少，布拉德皮特太嫩了,2018-09-02 14:01:39
可爱的骨头,7.1,3,好看的只有罗南妹子,2018-09-01 22:16:41
遗传厄运,7.2,4,还不错，感觉好的恐怖片都跟宗教信仰有一定关系，此片也不例外,2018-08-26 23:53:01
疯狂的麦克斯,6.2,2,不是很能欣赏这种老片，太噪了,2018-08-26 21:24:41
瞒天过海：美人计,6.8,4,爽片，观影感很棒,2018-08-25 22:28:16
银河护卫队,8.0,3,合格爆米花,2018-08-19 20:21:36
异次元骇客,8.3,4,结局有点亮，引诱老公进入模拟世界，并让他死在里面，从而被她老公附身的情人成功进入外壳世界,2018-08-19 10:51:52
蓝色茉莉,7.9,5,很喜欢这种快节奏啊，凯特和莎丽霍金斯的演技也很棒啊,2018-08-17 22:34:59
侏罗纪世界,7.7,4,感觉还不错，真有种侏罗纪的感觉,2018-08-13 01:42:01
花容月貌,7.4,3,女主有点莫名其妙就当妓女啊,2018-08-12 21:51:48
帕丁顿熊2,8.1,3,不觉得很好看啊，剧情也太弱了吧。,2018-08-12 17:23:09
实习生,7.7,3,新颖的职场电影，感情线也很清晰。,2018-08-12 17:20:03
迷雾,7.8,4,男主最后毫不犹豫连开四枪有点假，至少儿子那边要犹豫下吧。,2018-08-12 11:31:28
死侍2,7.5,3,一般般，流水化,2018-08-11 20:37:35
怪物史瑞克4,7.5,3,之前的平行时空设定感觉很突兀，之后的解救所有怪物也有悖论，史莱克也算怪物，拿他自己换所有怪物，是不是能解救他自己呢？,2018-08-08 12:58:27
少林足球,7.5,4,少林功夫+足球的题材也是独树一帜吧,2018-08-07 12:56:48
帕丁顿熊,7.6,3,中规中矩的感觉,2018-08-06 00:12:39
午夜巴黎,8.2,4,艺术家的世界不是常人所能理解的,2018-08-05 22:13:47
怪物史瑞克3,7.2,3,比2好一点，剧情较完整,2018-08-05 19:26:51
落水狗,8.3,3,处女作略显稚嫩啊,2018-08-05 17:16:02
怪物史瑞克2,7.5,2,这部没什么亮点啊,2018-08-05 14:24:45
怪物史瑞克,7.9,3,音乐是真不错,2018-08-05 11:18:04
阿金,7.0,3,电影频道看的,2018-08-05 07:20:25
我的野蛮女友,8.1,3,剧情有点尬长,2018-08-04 23:13:11
了不起的狐狸爸爸,8.4,4,韦斯安德森风格太浓烈了,2018-08-04 00:47:52
卧虎藏龙,8.0,5,太美了，摄影美，音乐美，年轻的章子怡美，连杨紫琼也风韵犹存。剧情也好，有张有弛，竹林那场戏很棒。唯一的缺点恐怕是普通话不够标准，有点读词的味道。,2018-08-04 00:47:28
神秘巨星,7.7,3,家暴，母爱，梦想，题材很好，音乐很棒，但后面有点强行煽情的意思了，三星半。,2018-08-01 00:31:44
黑鹰坠落,8.6,3,非军事迷，觉得电影总体来说太单调了，没有吸引看下去的欲望。,2018-07-29 20:49:58
西虹市首富,6.7,3,笑点很多，合格的喜剧电影吧,2018-07-29 16:48:38
妈妈咪呀,7.5,3,传统的歌舞喜剧，真没什么亮点，梅姨的表现也一般,2018-07-28 17:15:21
无问西东,7.6,3,唯一的亮点大概是叙事结构了吧,2018-07-28 00:07:23
朱诺,7.9,4,很棒的青春电影啊，女主很酷,2018-07-25 19:52:48
我的个神啊,8.4,4,有脑洞有深度，阿米尔汗演技也牛逼,2018-07-25 17:44:56
天才少女,8.2,3,一般吧，不过算是不那么套路的天才电影，有特点,2018-07-25 13:53:24
他是龙,7.4,3,整个一童话故事啊，龙抓走了姑娘，姑娘爱上了龙，然后幸福的生活在了一起,2018-07-25 10:50:03
芳华,7.7,3,抛开情怀来说，真是没什么故事性啊，而且还这么慢节奏,2018-07-24 23:09:43
一代宗师,7.8,3,从头到尾只看到了装逼，人物饱满吗？剧情合理吗？甚至都有种主角是叶问还是宫二的错觉。,2018-07-24 13:16:28
秘书,7.1,2,打5星的很多都是SM吧，这也能5星，还能洋洋洒洒写一堆的，真是厉害的,2018-07-22 17:39:23
国家宝藏,7.6,3,宝藏类电影的套路都是交给国家吗😂,2018-07-22 12:15:50
他其实没那么喜欢你,7.7,4,不错，挺好的,2018-07-22 09:50:38
X战警：第一战,8.2,4,算是不错的超级英雄系列电影吧,2018-07-21 20:36:50
猩球崛起2：黎明之战,7.5,3,剧情太拖沓了,2018-07-21 13:44:20
猩球崛起,8.0,4,四星，不能再多了,2018-07-21 10:13:20
极品飞车,7.2,3,剧情是真的弱...看个即时爽吧,2018-07-20 22:45:43
花火,8.5,4,久石让的配乐真是养耳,2018-07-20 19:48:24
唐人街探案2,6.7,3,王宝强真的太浮夸了，受不了,2018-07-20 10:50:51
赛末点,8.1,4,寡姐身材真的诱人啊,2018-07-19 18:56:44
无人知晓,9.1,5,是枝裕和用了大量最平淡的手持镜头视角描写出了最不平凡的无人知晓的生活，精彩！,2018-07-18 21:42:46
亲爱的,8.4,3,看了未标注，开始以为是中国版熔炉、素媛，可剧情越来越混乱，结局更是莫名其妙,2018-07-17 23:54:35
万能钥匙,7.8,4,确实有点像逃出绝命镇，最后结局反转有点6,2018-07-17 23:32:40
海街日记,8.7,5,长泽雅美太好看了，电影也太好看了,2018-07-16 22:22:13
奇迹男孩,8.6,4,有那么几瞬间，还是被感动到了,2018-07-16 19:56:22
金刚狼2,6.3,2,emmm，冈本多绪挺好看的，剧情嘛，鬼扯,2018-07-15 17:18:09
百万美元宝贝,8.5,5,表面上是讲百万美元宝贝的，本质上确实讲经理人弗兰基的，经典,2018-07-15 13:56:38
弱点,8.4,4,平凡的好看,2018-07-15 10:21:04
X战警：逆转未来,8.2,3,最喜欢的应该是把逆转未来比喻成向河里投石，虽然能起涟漪，但改变不了历史进程,2018-07-14 22:02:08
红高粱,8.3,3,30年前的电影，现在看也就那样啊，为啥评价这么高呢，不懂不懂,2018-07-14 18:27:33
背靠背，脸对脸,9.4,4,符合中国国情,2018-07-14 00:53:00
金刚狼,7.3,3,乏味啊=。=,2018-07-12 21:13:37
X战警3：背水一战,7.5,2,剧情支离破碎啊 人物关系也乱的一逼,2018-07-12 19:02:54
X战警2,7.6,3,有点太长了，剧情不够饱满,2018-07-11 20:35:55
X战警,7.6,3,小淘气挺可爱的,2018-07-11 03:47:13
二十二,8.7,4,带来了反思，但是是否对慰安妇有所帮助，存疑,2018-07-09 20:46:36
我不是药神,9.0,4,从电影角度来看，没有那么神吧,2018-07-05 21:59:52
羞羞的铁拳,6.9,3,是否过于性别脸谱化了呢？,2018-07-01 19:35:27
公民凯恩,8.6,4,业余选手看热闹，没看出什么门道，但也秒杀大部分电影了,2018-06-30 22:30:56
燃烧,7.9,5,挺好看的，隐喻多，结局开放，女主很美,2018-06-17 16:56:40
千年女优,8.6,3,欣赏不来，看过的日本电影太少，也没被所谓的爱情追逐游戏感动,2018-06-03 19:25:50
忌日快乐,7.1,3,还行吧，bug有点多，结局猜到了，不过反转那下还不错,2018-06-02 12:43:24
红海行动,8.3,3,一般啊……剧情弱，bug多，比战狼2好点吧,2018-05-23 20:43:58
犬之岛,8.3,3,一般吧，满满的 布达佩斯大饭店 风格，厌了,2018-04-29 20:00:20
西北风云,3.4,1,什么jb玩意儿,2018-04-17 19:01:57
湮灭,7.2,4,感觉没降临好看？但还是很棒啊,2018-04-17 00:36:34
毕业作品,3.4,2,女主太丑了，演技全程尴尬，穿插的微色情也是低俗的可以，剧本太简单了，最后老宋为子杀人也有点莫名其妙，不及格的毕业作品吧。,2018-04-16 18:14:21
寻找罗麦,4.3,2,导演什么都想表现，又什么都表现的不够，韩庚还演得跟个傻子似的，真是强行文艺，最为致命。,2018-04-16 15:09:27
狂暴巨兽,6.4,3,商业片，真的粗暴,2018-04-16 12:31:10
通勤营救,6.6,3,还不错，及格爆米花,2018-04-11 20:15:54
起跑线,7.9,4,很成熟的印度喜剧了，还讽刺了他国教育，不错,2018-04-05 20:45:38
奇葩朵朵,4.2,2,结尾那个演出挺好看的。,2018-04-05 16:15:39
暴裂无声,8.2,4,没心迷宫好看吧，中规中矩的悬疑片，俩小孩儿一起从洞穴出来那块没看懂，还以为张磊的尸体被扔进洞穴了呢,2018-04-05 14:26:40
头号玩家,8.7,4,剧情弱了点，其他都很完美，很多梗都是知道而没看过，抽时间补梗,2018-04-04 20:58:04
战狼2,7.1,3,比第一部稍微好点，看起来爽了，但是抛开打斗场面的爽感之后呢，很空洞，很扯,2018-02-18 16:40:17
战狼,6.8,2,剧本俗套，bug太多，女主和一众配角演技太差，逻辑混乱,2018-02-18 01:47:30
小城之春,8.6,4,好电影不随时间流逝而改变,2018-02-17 12:36:33
暖春,7.9,3,感觉和《妈妈再爱我一次》一个类型，就是拼命煽情。翠花这孩子真是以德报怨的典范啊，自愧不如。,2018-02-17 02:47:06
猜火车2,8.0,4,大概这也是青春吧，满满的回忆,2018-02-17 00:35:04
魅影缝匠,7.5,3,不太能欣赏啊,2018-02-15 22:23:45
灾难艺术家,7.6,2,为什么烂片的传记式电影分这么高,2018-02-13 17:49:53
罗曼先生，你好,6.7,3,前面太沉闷啦，看不下去，感觉导演想表达的有点表达不出来的意思,2018-02-12 21:44:15
大病,7.5,4,可能是近来最好看最令人舒服的爱情电影了,2018-02-11 20:22:51
普通女人,7.3,4,女主是变性人？,2018-02-10 23:00:13
我，花样女王,8.0,3,纪录片似的电影,2018-02-10 12:09:20
方形,7.7,4,有点点讽刺,2018-02-08 23:36:18
宝贝老板,7.4,2,真无趣，给小孩子看的吧,2018-02-07 20:21:41
维多利亚与阿卜杜勒,6.3,3,女王不为人知的一面？感觉剧本很单薄啊,2018-02-06 23:13:37
至爱梵高·星空之谜,8.5,4,有点罗生门的味道,2018-02-06 20:17:24
华盛顿邮报,8.2,4,影帝+影后+斯皮尔伯格的阵容太强大了,2018-02-01 22:24:39
茉莉牌局,7.2,4,前半段太闷了，后半段够精彩，和律师，和父亲的谈话都很棒啊，另外女主的另一部电影斯隆女士也特别棒,2018-01-31 23:12:40
无爱可诉,7.3,4,母亲关门孩子大哭的镜头太经典了……另外孩子怎么死的，车祸么？身上全是伤疤,2018-01-30 19:17:52
伯德小姐,7.9,4,青春期少女成长记，好喜欢lady bird喝母亲互怼的桥段,2018-01-29 20:59:07
至暗时刻,8.6,4,全程都很燃，加里奥德曼把丘吉尔演得入木三分啊，看好拿影帝。莉莉詹姆斯的花瓶角色真的只是花瓶的感觉啊，不过花瓶也好看，还有史坦尼斯乱入啊哈哈。,2018-01-29 16:50:55
泥土之界,7.3,2,种族歧视真的审美疲劳了😪,2018-01-28 20:11:14
水形物语,7.2,3,科幻童话,2018-01-28 16:01:54
寻梦环游记,9.0,5,依然吐槽下片名翻译问题，环游你妈啊环游，神烦这种乱七八糟的翻译...不过讲道理这部片质量还是相当高的，迪斯尼煽起情来也是相当催泪啊。,2018-01-28 00:02:25
肉与灵,7.5,4,很有意思，有点《你眼中的世界》的味道,2018-01-27 21:31:58
逃出绝命镇,7.6,4,好棒的题材啊，有趣有趣,2018-01-27 17:57:51
请以你的名字呼唤我,8.8,3,过誉了，很普通的LGBT电影，唯一的亮点大概是配乐了吧,2018-01-25 19:50:30
赎罪,8.2,3,中间太沉闷了，导致最后的反转也显得暗淡了许多。,2018-01-24 12:23:03
三块广告牌,8.7,4,开放式的结局，让我想到了杀人回忆，同样是被奸杀，寻找杀人凶手，三块广告牌的叙述显然更平和，更隐晦。最后的结尾我更倾向于没有杀那个人，而女主最终也释怀了。可是真的能释怀吗？在现实中有更多像女主一样无奈承受着因案件未被侦破而产生的折磨与痛苦，他们毫无办法，只能随着时间流逝，慢慢愈合。,2018-01-20 00:33:43
肌肤,7.6,4,虽然重口味，但是真的好看，bgm也好听,2018-01-19 13:15:23
斯托克,7.5,4,超喜欢这种调调的拍摄手法,2018-01-16 14:58:15
电锯惊魂8：竖锯,6.8,3,跟前作差远啦,2018-01-11 19:28:30
复仇者联盟,8.0,4,超级英雄联盟啊，很过瘾,2017-12-22 12:49:29
咖啡公社,7.1,3,跟咖啡公社有啥关系么。。。,2017-12-20 14:50:24
失业生,7.1,2,剧本堪忧啊……,2017-12-19 22:44:39
踏血寻梅,7.4,4,不知道为什么想死，不知道为什么杀人才是这部电影的真谛吧,2017-12-18 22:05:46
少数派报告,7.7,5,好看啊 算是新科幻？,2017-12-18 17:19:41
龙纹身的女孩,8.0,3,欣赏不来啊，为毛各种5星好评，看不懂了,2017-12-17 23:14:01
缝纫机乐队,6.6,3,中规中矩，没啥亮点，也没很难看,2017-12-16 20:29:45
小丑回魂,7.3,3,有个影评写的好，恐怖版与我同行哈哈，怎么说呢，恐怖成分太少，故事讲得不够好，两头不讨好吧,2017-12-16 09:18:23
暴雪将至,7.0,3,前半部分有点《杀人回忆》的味道，整部看下来感觉压抑氛围足够，剧本张力不足哇,2017-12-15 15:49:47
相爱相亲,8.4,5,晓光生病就没然后了？,2017-12-13 14:29:55
会计刺客,7.4,4,大本真的是所有电影都一个表情啊……,2017-12-12 22:53:13
敦刻尔克,8.4,2,挺失望的，相比诺兰其他片子，差太远了,2017-12-08 16:28:03
杰出公民,8.4,5,低成本佳作，好看,2017-12-08 12:10:55
神奇女侠,7.1,3,神奇女侠太善良了,2017-12-07 15:16:55
闪光少女,7.3,2,莫名其妙的剧情发展，尤其前半程，尴尬至极,2017-12-06 19:45:03
海蒂和爷爷,9.0,4,"1. 美，画面美，人物美，音乐美
2. 剧情稍显单薄
3. 吐槽下翻译，爷爷戏份并不多，翻译成海蒂和爷爷不太好",2017-12-06 16:17:21
王牌保镖,7.2,3,塞缪尔杰克逊一如既往的帅气,2017-12-06 12:09:35
炙热,8.5,5,很压抑的一部电影，影片最后，三位女主奔向了“自由”，可又有多少女人没能冲破这层枷锁呢？,2017-12-05 15:25:54
王牌特工2：黄金圈,6.9,2,毫无亮点的续作啊,2017-12-02 18:55:35
加勒比海盗5：死无对证,7.2,3,经典爆米花式续作,2017-11-30 20:11:38
天才枪手,8.1,5,把作弊拍得这么好的只有泰国了,2017-11-27 22:21:19
爱乐之城,8.3,3,就这种歌舞片拿了最佳影片才是笑话,2017-11-11 19:32:07
隐藏人物,8.6,3,大牌云集的政治正确电影,2017-11-06 20:29:36
情人,8.1,4,总是想把这部电影和洛丽塔横向比较，各有各的好看之处吧,2017-10-25 21:53:12
伦敦一家人,8.7,3,这样的生活，这样的一辈子，不喜欢,2017-10-25 19:40:01
幸运是我,7.9,3,还不错 暖,2017-10-25 13:39:58
初恋这首情歌,8.3,3,原来是约翰卡尼三部曲之一，其实不管是影片质量还是插曲质量，都不如前两部啊,2017-10-11 20:25:59
神奇队长,7.8,3,一个固执的父亲放弃执念的故事,2017-10-11 14:19:35
完美陌生人,8.6,5,不是因为都是一群人的电影，就拿来和彗星来的那一夜比较啊……完全两个类型的，不过都很好看就是啦,2017-10-10 22:51:02
我们的世界,8.4,3,分数虚高的厉害,2017-10-10 20:06:53
大空头,8.4,3,太专业了 没太看懂 尴尬,2017-10-10 14:35:02
小姐,8.0,5,大概是悬疑片里最好的情色片了吧……,2017-10-10 01:04:55
一个叫欧维的男人决定去死,8.7,4,豆瓣对于温情电影真是厚爱到极致了啊，8.7也太夸张了,2017-10-09 14:53:27
冈仁波齐,7.7,3,完全可以拍成纪录片嘛……ps.理发店小妹好美,2017-10-08 18:55:20
斯隆女士,8.7,5,女版纸牌屋啊，比下木先生更深谋远虑，结合最近的拉斯维加斯枪击案欣赏口味更佳,2017-10-08 11:26:29
环太平洋,7.6,4,过瘾啊 特效爆炸 音乐燃炸 女主笑起来还挺美,2017-10-07 19:23:08
一条狗的使命,7.7,3,做人也一样 活在当下 开心就好 哈哈,2017-10-07 14:06:52
推销员,7.7,4,最后还是原谅了啊，如果是我，会如何选呢？,2017-10-07 11:34:50
功夫熊猫3,7.6,3,比2好点，增加了很多新元素，显得不那么俗套了，但是有点天马行空啊，三星半,2017-10-06 23:38:04
一念无明,7.9,5,真是部好电影，我感觉阿东并没有弑母，只是单纯的躁郁症，当然，躁郁症也是很严重的，邻居的反应也都相当现实啊,2017-10-06 20:46:21
摔跤吧！爸爸,9.1,4,很励志 看着很过瘾,2017-10-06 17:58:44
功夫熊猫2,8.0,3,跟第一部差远啦，有点落俗了,2017-10-06 14:20:59
功夫熊猫,7.9,4,很不错的电影啊……满满的中国元素,2017-10-06 12:25:37
华尔街之狼,7.7,4,多美好的海天盛筵,2017-10-05 16:53:18
银翼杀手,8.2,3,为什么这部电影很经典？我看着想睡觉啊，前半部还可以，后半部剧情推进感觉好乱,2017-10-04 17:05:56
雷神,6.8,3,中规中矩,2017-10-03 12:45:22
美人鱼,6.7,2,就这样吧……纯粹强行制造笑点,2017-10-03 10:23:11
夏洛特烦恼,7.5,2,穿越真是个好东西，什么都可以往里套，典型的屌丝意淫后幡然醒悟，然后卖情怀经典歌曲串烧，模仿太拙劣，有些不伦不类,2017-10-03 00:03:39
自杀小队,6.2,3,妆画得不错,2017-10-02 18:55:32
蓝宇,8.0,4,真是部大尺度电影，不论色情还是政治，刘烨演的也是绝了。电影名叫蓝宇却一直是陈捍军的视角，挺有趣的。,2017-10-02 12:31:31
黑客帝国3：矩阵革命,8.6,4,最后没看懂啊，整个三部曲就是个圈套？,2017-10-01 18:25:43
黑客帝国2：重装上阵,8.4,3,什么鬼，一直在打和无趣的对白,2017-10-01 11:25:33
死侍,7.6,4,挺逗的，哈哈,2017-10-01 00:51:16
第六感生死缘,7.8,3,什么乱七八糟的...,2017-09-29 16:04:59
好家伙,8.3,3,跟教父差远了,2017-09-29 10:09:22
十月的天空,8.6,4,虽然剧情俗套了点，但还是很好看啊,2017-09-27 17:40:45
伴我同行,8.9,4,回想自己的十二岁，好像也没有那么些个朋友了,2017-09-27 14:05:25
步履不停,8.8,4,日本特擅长拍这些轻节奏家庭琐事,2017-09-25 18:57:20
战争之王,8.6,4,装逼之王……分太高了……结局挺讽刺的,2017-09-24 16:51:28
哈利·波特与死亡圣器(下),8.7,4,总算看完了这个系列，记得当年还在影院看过来着，那时候没看过前几部，完全不知道在讲什么。现在再看别有一番滋味,2017-09-24 14:35:26
哈利·波特与死亡圣器(上),7.9,3,这色调真心看不下去，导演有毒,2017-09-24 10:59:43
哈利·波特与混血王子,7.5,2,这部真不好看，充斥着莫名其妙，节奏混乱不堪，基本上玩手机看完的,2017-09-23 19:09:46
哈利·波特与凤凰社,7.8,3,跟凤凰社关系不大啊,2017-09-23 15:31:12
哈利·波特与火焰杯,8.2,3,换导演了，明显感觉不太一样了，阴沉的色调，有点怪异的镜头转换,2017-09-23 13:04:18
哈利·波特与阿兹卡班的囚徒,8.3,5,这部很好看啊，比前两部好看,2017-09-22 21:24:16
彗星来的那一夜,8.4,5,被片名欺骗的好片 值得多刷,2017-09-21 23:21:24
终结者2：审判日,8.6,4,相比前一部，多了更多的思考与情感，内容上更加细腻并更经得起推敲，最后终结者的自杀很棒,2017-09-21 00:53:53
终结者,8.0,3,80年代的科幻，说不觑现在的科幻肯定不可能，但还是看点十足的，再加上施瓦辛格的变态身体和穿越元素，可以说不错了。但是剧情单薄了点，大半时间都在打斗，涉及设定部分仅仅寥寥几句带过，觉得不是很够。,2017-09-18 23:18:21
教父3,8.8,4,第三部没有前两部经典 没毛病,2017-09-17 17:13:18
教父2,9.1,5,总是因为太长而不敢去看，所以和第一部隔了很久，不过好片终究是不怕长啊。,2017-09-17 12:10:56
与狼共舞,8.9,5,看的236分钟版，太爽了，全程无尿点,2017-09-16 12:25:20
迁徙的鸟,9.1,5,bgm对纪录片的作用太大了，全程享受听完。,2017-09-14 11:12:25
勇士,8.9,4,男人的电影，救赎与自我救赎,2017-09-13 14:53:17
爱在午夜降临前,8.8,4,最终还是和平凡夫妻一样的吵来吵去，还穿插着出轨，诶。。,2017-09-12 14:54:49
爱在日落黄昏时,8.8,4,没第一部好看，可能过了该激情的年纪了吧，最后的性暗示太明显了，肯定因为滚床单而错过航班了,2017-09-11 20:28:47
房间,8.8,5,很压抑的电影，女主有点像shameless里的fiona，然后她老爸frank出现的时候震惊了，哈哈,2017-09-10 23:32:32
寿司之神,8.7,4,想吃寿司，另外有看到制作海苔，没看到寿司用到啊咋回事,2017-09-09 17:09:40
看不见的客人,8.7,5,这种悬疑片真的是看一部爽一部,2017-09-09 14:12:58
中央车站,8.7,4,催泪电影，一般一般,2017-09-09 10:55:28
我是山姆,8.8,3,很一般啊 评分这么高...,2017-09-08 15:34:38
枪火,8.6,5,好帅啊一秒变迷妹,2017-09-07 22:28:45
时空恋旅人,8.6,3,片名翻译不够好。,2017-09-07 20:50:53
海洋,9.0,5,大概是我看过最好看的海洋纪录片之一,2017-09-07 17:01:58
红辣椒,8.9,4,就觉得千叶好美啊……真·宅男梦想,2017-09-07 12:37:15
香水,8.4,3,香...香水有毒？,2017-09-06 17:06:56
花样年华,8.5,4,张曼玉身材真好,2017-09-05 22:36:42
撞车,8.6,4,好电影，很温柔的crash,2017-09-05 13:02:44
极盗车神,7.0,2,大失所望,2017-08-27 15:20:10
一次别离,8.7,4,最后女孩儿这么久没出来 是不是谁也没选啊……,2017-08-27 09:35:07
杀破狼·贪狼,7.1,4,还可以 ,2017-08-26 20:29:10
冒充者,7.5,4,再看电影依然觉得细思极恐,2017-07-15 09:30:46
情圣,7.2,3,女主真好看,2017-07-08 22:49:44
亲切的金子,7.6,4,剪辑好棒 bgm好棒 女主好美,2017-07-02 14:51:15
速度与激情8,7.0,3,抛开保罗的情怀，电影回归了平庸的节奏,2017-04-15 21:42:04
神奇动物在哪里,7.8,3,就这样吧……跟哈利波特还差很多,2017-03-22 19:38:11
浪潮,8.7,5,真是部好电影，法西斯无处不在啊，国内来说，远到十年文革，近到最近粉红遍地，都或有或无有点法西斯的影子。弱小的个体要是反对这种浪潮真的有点无能为力啊……,2017-03-20 19:20:17
藩篱,7.0,5,很不受待见的一部好片啊，可惜,2017-03-19 10:41:43
出租车司机,8.4,3,只是比较喜欢封面图,2017-03-16 19:05:36
欢乐好声音,8.1,4,套路但是欢乐,2017-03-13 21:01:38
跑调天后,6.9,2,也就梅姨的演技能支撑我看下去了吧,2017-03-12 18:24:10
我不是潘金莲,6.7,4,感觉没那么烂吧，还可以啊,2017-03-10 21:41:23
比利·林恩的中场战事,8.4,4,没看120帧挺可惜,2017-03-05 20:35:07
可可西里,8.7,5,你在可可西里踩过的每个脚印都可能是地球上有人类以来的第一个脚印,2017-03-05 16:35:33
月球,8.5,5,资本主义啊……,2017-03-05 14:55:24
梦之安魂曲,8.7,5,太好看了，全程高能，爽,2017-03-05 00:30:53
朗读者,8.5,3,凯特温斯莱特封后之作，感觉有点平庸啊,2017-03-04 20:52:41
美国丽人,8.5,5,American Pscho吧，太好看了,2017-03-04 16:49:03
一万公里的约定,4.6,1,大烂片啊，要不是为了我伦怎么会去看...,2017-03-04 11:17:11
海洋奇缘,7.5,5,太美了，完全是享受啊，忽略剧情的不足吧,2017-03-03 22:04:53
血战钢锯岭,8.7,4,前半段太闷啦，后面着实精彩。,2017-03-02 22:14:29
无敌破坏王,8.7,4,挺温馨的动画电影，设定比较有趣,2017-02-28 21:47:42
未麻的部屋,8.8,4,看了一遍没怎么看懂，多重人格真心不是那么好懂的啊……以后有时间二刷,2017-02-28 18:43:18
月光男孩,7.3,3,成年男主的腮帮可以和韦德有一拼了……,2017-02-26 22:36:36
海边的曼彻斯特,8.6,4,多么希望男主能振作起来啊,2017-02-26 19:19:38
摆渡人,4.0,1,就是小说里的桥段读一下，加点鸡汤，配点流行歌曲，就是电影了？导演和编剧现在的门槛也太低了吧，只求烂片导演们拍电影的时候麻烦拍短一点，浪费俩小时真不值当。,2017-02-26 14:34:44
罗曼蒂克消亡史,7.7,4,都是大牌啊……电影还不错......以后关注这个导演了,2017-02-26 00:13:24
再次出发之纽约遇见你,8.5,5,插曲都好好听啊，完美,2017-02-25 20:02:34
碧海蓝天,8.7,3,节奏太慢了，剧情乱七八糟，唯一能让坚持下去的也就是女主的颜了。,2017-02-25 15:27:09
你的名字。,8.4,3,唯美动画的弱点总是剧情啊，感觉逻辑无法自洽，穿越也是莫名其妙。,2017-02-25 11:05:01
被解救的姜戈,8.6,4,昆汀的暴力美学真的是做到了极致了啊，百看不厌,2017-02-24 23:36:04
我爱你,9.0,4,怎么说呢，分太高了，只是纯爱电影而已，太多感情分了吧。,2017-02-24 00:02:51
蓝色大门,8.3,4,我还不错喔,2017-02-22 20:39:29
导盲犬小Q,8.4,3,也就那样吧，没多感动人,2017-02-21 20:44:33
新龙门客栈,8.5,4,张曼玉真是演活了金镶玉啊,2017-02-20 21:08:45
魂断蓝桥,8.8,4,费雯丽的小眼神棒极了,2017-02-20 02:16:38
超脱,8.8,5,纪录片似的电影，压抑，负能量，共鸣，好看。,2017-02-19 21:06:53
七武士,9.2,5,没有大神们的分析能力，就觉得三小时多的电影，看着一点都不累，节奏感非常好，讲故事能力很强。,2017-02-19 16:48:11
七剑,5.8,4,没看过原著，单纯看电影还可以，就是剧情弱了点，杨采妮依旧美如画。,2017-02-18 21:04:18
角斗士,8.4,5,看的加长版，就是一个字，爽,2017-02-18 14:31:39
白日焰火,7.2,4,公映版删的乱七八糟……看着蛋疼,2017-02-18 08:47:21
荒蛮故事,8.8,5,有点像九号秘事的那种小故事黑色幽默，很喜欢这种风格的荒诞喜剧。,2017-02-16 22:41:37
绿里奇迹,8.7,5,恶意差评真的很恶心，如果能拔高评价电影的最低要求就好了。,2017-02-15 23:25:53
追凶者也,7.7,3,有亮点，但是后面动机有点牵强吧，不如不涉及什么全省经济比较好……,2017-02-13 12:00:06
千钧一发,8.7,2,不是很欣赏这种励志片，男主依靠作弊来实现梦想真的大丈夫？若是在太空中心脏病发作又该如何负责？,2017-02-12 19:45:03
月满轩尼诗,6.7,3,汤唯女神好美...,2017-02-12 16:42:45
东京物语,9.2,5,把人性刻画的淋漓尽致，这样的电影才好看。,2017-02-12 12:54:00
大卫·戈尔的一生,8.6,5,不知道是不是不够专心，结尾对我来说足够震撼，你们都能猜到么……,2017-02-11 12:59:43
变脸,8.4,5,好看，居然是吴宇森的，厉害,2017-02-09 22:10:17
阿飞正传,8.5,3,看了一圈评论，还是觉得最后梁朝伟的酱油来得有些莫名其妙，破坏了整部电影的完整性。,2017-02-08 18:50:19
降临,7.7,5,其实并不烧脑，很简单的一部科幻片，但很打动人。如果你能尽览一生，你会尝试改变吗？,2017-02-06 22:36:37
乘风破浪,6.8,3,感觉穿越梗玩得有bug，很多梗也都挺老的。,2017-02-05 15:40:58
西游伏妖篇,5.6,2,吴亦凡演得什么鬼，真恶心,2017-02-04 17:26:26
英国病人,8.5,5,虽然剧情可能比较不讨喜，但胜在演员和拍摄上，能让人深思的电影。,2017-02-03 23:55:53
遗愿清单,8.5,3,温情电影～,2017-02-01 14:58:03
燕尾蝶,8.6,5,爱死古力果啦,2017-01-31 16:56:52
廊桥遗梦,8.6,4,对纯爱电影没什么感觉，但这电影拍的是真好。,2017-01-30 20:08:28
人人都说我爱你,7.3,1,好无聊的电影,2017-01-29 15:17:22
模仿游戏,8.6,4,据说不太符合图灵本身，好感略降,2017-01-28 20:55:28
假如爱有天意,8.2,4,韩国的纯爱电影真的很能煽情诶……再加上这bgm......妹子们得哭死吧……,2017-01-27 22:13:52
E.T. 外星人,8.5,4,82年的电影依然秒杀大部分如今的科幻,2017-01-27 12:52:57
谍影重重3,8.7,4,三部曲来看，还是很完整的，后面再续感觉都是狗尾续貂了吧，另外最后那女的笑容真可怕……,2017-01-26 13:14:43
小森林 冬春篇,9.0,4,不是很懂最后市子为什么又回来了。,2017-01-25 19:06:43
小森林 夏秋篇,8.9,4,小森林·美食篇,2017-01-25 12:06:08
机械师,6.9,3,套路电影，郭达依然帅,2017-01-24 18:41:23
谍影重重2,8.6,4,真的是换了导演简直换了部电影，比1好看太多了,2017-01-23 20:40:31
荒野猎人,7.8,4,全片比较沉闷，最精彩的也就最后1V1那段戏了吧，有点像谍影重重1里那段荒野1V1狙击手,2017-01-23 16:47:47
谍影重重,8.5,3,评分虚高的厉害，很套路的谍战，女主也是丑的要命，要不是马特达蒙真看不下去,2017-01-22 22:56:33
无耻混蛋,8.5,4,电影色调美如画……其他嘛很昆汀,2017-01-22 17:20:44
电子情书,7.8,3,影片中传统书店与连锁书店的对抗就像是现在传统行业与互联网行业的对抗，以卵击石啊。另外女主笑起来好美,2017-01-21 22:57:22
牯岭街少年杀人事件,8.8,4,4个小时看得我真是...,2017-01-21 19:24:25
超能陆战队,8.6,3,满满的漫威风，现在的动画电影流水线也是厉害的,2017-01-19 20:14:57
囚徒,8.0,5,好喜欢这种压抑+悬疑的电影,2017-01-18 21:28:53
黄金三镖客,9.1,3,三小时的电影看着有点累，不是很喜欢,2017-01-17 20:08:59
发条橙,8.5,4,配合杨叫兽观影效果更佳,2017-01-14 21:12:40
青春梦工场,8.0,3,日本av太好请了，香港贷款太好申了，以至于电影太顺理成章了，所以并不是很喜欢近年来的港片是有原因的。,2017-01-14 14:06:11
横道世之介,8.8,4,挺喜欢那个熟女的，哈哈,2017-01-14 11:03:57
爱的成人式,7.6,5,妈的不看到最后我都不知道男主是两个，太不专心了！,2017-01-12 22:08:43
百元之恋,8.3,4,bgm伤感到爆炸，女主励志男主渣，最后居然在一起了坑,2017-01-12 19:29:54
阿黛尔的生活,8.3,3,很简单的羁绊，导演却用了近3小时的时间来讲述，未免太过冗长。唯一的加分项是光线很唯美。劈腿什么的到后来都见怪不怪了。,2017-01-10 22:05:01
菲利普船长,8.1,4,汉克斯很适合这类电影啊,2017-01-08 19:33:31
暖暖内含光,8.4,4,好看,2017-01-07 23:07:33
尴尬时刻,5.8,2,不知道为毛当初标记了想看，看完却木有感觉了,2017-01-07 09:55:42
极地特快,7.6,3,每个美国孩子都憧憬过圣诞老人吧～,2017-01-04 20:32:53
哈利·波特与密室,8.3,4,金妮韦斯莉也很可爱呀,2017-01-03 23:50:11
狩猎,9.1,4,,2017-01-03 20:32:41
孙子从美国来,8.4,4,强行HE了吧，最后那段去掉可能会更好,2017-01-03 17:00:07
隐秘而伟大,7.8,3,这是在嘲讽朝鲜么……,2017-01-02 21:19:33
八恶人,8.4,5,塞缪尔杰克逊的口音辨识度太高了！,2017-01-02 15:49:44
甲方乙方,8.3,3,厚古薄今了吧,2017-01-02 12:55:58
比海更深,8.7,4,这就是现实啊,2017-01-02 11:04:07
蛇舌,6.7,4,好喜欢这种调调啊，哈哈,2017-01-01 19:21:39
桃姐,8.3,4,还是这种小温馨又有点真实的电影好看,2016-12-31 17:26:19
招魂,7.7,4,很久没看这么爽的恐怖片了，虽然套路老了点，但由温导拍的就是不一样,2016-12-31 15:14:28
有话好好说,8.1,5,谁敢惹知识分子，哈哈，剁死你,2016-12-30 22:03:21
你丫闭嘴！,8.0,4,最后的镜头太基啦，哈哈,2016-12-30 19:29:03
夏有乔木 雅望天堂,4.7,1,莫名其妙，全程尴尬，演员僵硬，浪费时间。,2016-12-30 01:45:11
湄公河行动,8.0,4,导演很喜欢摇镜头啊，头都晕了,2016-12-29 22:43:57
安德的游戏,6.9,4,没看过原著，但从电影来看原著构建的世界应该是非常庞大的，电影中展现的实在太少。,2016-12-28 19:57:20
十二猴子,8.1,5,穿越梗玩得溜，烧脑，一遍根本看不懂，准备二刷。另外95年的皮特好嫩啊,2016-12-27 20:21:40
燃情岁月,8.7,4,剧情有些薄弱，音乐画面人物满分,2016-12-25 21:53:41
卡萨布兰卡,8.6,3,吹捧过度了吧，不是很喜欢。但是也有经典插曲和台词产出。,2016-12-25 18:45:16
我家买了动物园,7.8,3,适合小清新看的电影,2016-12-24 09:43:50
驴得水,8.3,5,用谎言圆谎言，只会得到更多的谎言。最后孙佳的委曲求全，可惜最后还是败给了体制。结局是荒诞的，可现实也是荒诞的。Incredible China,2016-12-23 20:02:01
哈利·波特与魔法石,8.8,4,开始看哈利波特啦～,2016-12-18 20:22:59
消失的爱人,8.7,5,期待续作啊,2016-12-17 20:00:42
布达佩斯大饭店,8.8,5,治好了我多年的强迫症！,2016-12-17 14:26:17
佩小姐的奇幻城堡,7.2,3,前面像是童话故事，后面反派死的太轻松，塞缪尔的声音太魔性，伊娃太美。,2016-12-15 23:27:16
萨利机长,8.3,4,美国最不缺的就是英雄电影，而根据真实事件改编的电影还是少见,2016-12-15 19:44:27
心灵捕手,8.8,5,第二遍看依然满分,2016-12-14 23:11:22
致命ID,8.7,4,多重人格玩的溜,2016-12-14 19:31:30
杀人回忆,8.7,3,没看出来那么多寓意啊，智商不够,2016-12-13 21:07:21
费城故事,8.6,4,反对任何形式的歧视,2016-12-12 20:14:35
她,8.3,3,现在VR发展这么迅速，指不定哪天就能和AI啪啪了,2016-12-11 23:15:28
红磨坊,7.9,4,歌舞电影的通病就是剧情薄弱，这部相对好一点，但也比较套路,2016-12-11 17:55:29
青蛇,8.5,3,看那么多影评都是夸的，讲道理我是没看太懂,2016-12-11 14:08:12
星际穿越,9.2,5,拖到现在才看，依然为时未晚，期待诺兰的下一部电影,2016-12-10 14:10:31
独自等待,8.1,4,生活，美好总是在身边,2016-12-10 11:54:53
凶恶,6.8,3,挺沉闷的电影,2016-12-08 20:54:43
活埋,7.8,5,牛逼啊，一个场景一个演员撑了一整部电影，最后拯救了Mark White的时候莫名心酸,2016-12-07 23:08:31
仲夏夜之梦,7.2,1,什么乱七八糟的，近期看的最烂的一部电影,2016-12-07 20:48:28
有希望的男人,7.6,3,女主好美,2016-12-06 20:02:55
王牌特工：特工学院,8.4,4,标准特工电影，英式幽默满满，另外内地删除的片段都是精华啊,2016-12-05 23:09:33
一夜风流,8.7,4,喜欢这剧照,2016-12-05 20:31:53
鬼影,7.7,2,鬼片什么时候有新花样时才会是经典,2016-12-04 19:08:08
好想告诉你,6.9,3,很一般的套路啊，过于矫情了，但是三浦春马依然帅我一脸啊,2016-12-04 17:12:15
冒牌家庭,7.4,4,颠覆了对瑞秋的认知呀哈哈哈，女儿好美，好美,2016-12-04 12:19:00
四百击,8.7,3,谁还没个青春不是，私以为大部分青春叛逆都源于家庭教育的匮乏。,2016-12-03 23:52:41
树大招风,8.0,3,不是很能欣赏这类港片，对于90年代也没有特别深的感情，所谓的时代的翻篇大抵也是贩卖情怀吧,2016-12-03 21:04:54
失眠症,7.4,4,失眠太痛苦啦，片子不是很诺兰啊,2016-12-03 17:26:44
功夫小蝇,7.4,4,印度电影欢乐多～,2016-12-03 13:43:27
追随,8.9,5,好喜欢这种多线叙事结构，反转又反转的故事，诺兰就是牛逼。Alex Haw有点像吸血鬼日记里的Stephen啊，审问男主的老头好像是疑犯追踪的反派老大？,2016-12-03 11:01:03
毕业生,7.9,4,500days with summer 出现过，BGM经典，有趣,2016-12-01 21:58:30
七月与安生,7.6,3,小说质量不高的话，改成电影也就那样吧,2016-11-30 20:14:34
钢的琴,8.4,3,结局有些莫名其妙了,2016-11-29 19:51:17
荒野生存,8.6,3,居然看到了暮光女主，意外之喜,2016-11-28 22:14:49
胭脂扣,8.3,4,感觉有bug，30年代是否安眠药，如花喝了一杯反而死了，安眠药+鸦片能吐黑血？,2016-11-27 21:21:46
蝴蝶,8.6,4,因为片尾曲看了这部电影，挺暖心的,2016-11-27 11:18:48
互联网之子,9.1,5,He was killed by the old world. 谁会是中国的Aaron呢？,2016-11-26 21:46:41
勇闯夺命岛,8.6,5,全程高能，BGM燃爆！,2016-11-26 10:30:32
九歌,6.8,3,以女主的性格，他俩根本没有未来，男主too young 并且包皮过长……,2016-11-25 22:39:29
推拿,7.8,4,盲人也有江湖,2016-11-25 21:10:54
三毛从军记,8.4,4,有点情怀的味道，电影嘛，一般吧，结局不错,2016-11-24 23:26:08
群尸玩过界,7.7,4,恋恋书中人出现过，觉得好玩就看了，很逗的丧尸电影，哈哈哈哈哈,2016-11-24 19:48:32
共产小子西游记,7.5,4,让人惊喜的一部片子，电影名字感觉被翻译毁了,2016-11-23 22:39:01
爱情天文学,7.1,3,一般吧，有些角度女主挺像fiona的,2016-11-23 20:19:32
星运里的错,7.8,4,因为Boom Clap这首歌看的电影，感觉美国对于绝症患者的关怀做的真好，另外女主好像二丫啊哈哈哈,2016-11-22 19:46:48
超级学校霸王,7.2,4,群星璀璨，大爱杨采妮~~,2016-11-22 12:58:37
猜火车,8.5,5,青春犯罪，最后并没有洗白，结局太赞了,2016-11-21 22:31:36
为奴十二年,7.9,3,政治正确不一定是好电影，就电影角度而言，一般吧,2016-11-21 19:12:23
罪恶之城,8.4,4,暴力美学很好看，黑白与彩色的交织更凸显了电影独特的美感，但是格局太大，太多细节没有无法展现，可惜,2016-11-20 17:41:14
忠犬八公物语,9.0,3,和忠犬八公的故事相差好大，可能先入为主吧，反正不喜欢这版。,2016-11-20 11:54:47
曾经,8.3,4,,2016-11-19 20:49:54
钢琴教师,7.4,4,小众向的sm文化，就像男主一样，大众是理解不了的,2016-11-19 13:24:23
爱·回家,9.0,4,用最平凡的镜头谱写最真挚的婆孙情，好看。,2016-11-18 20:44:50
偷拐抢骗,8.5,5,典型英国电影，夹杂着黑色幽默，看着也很燃，太棒！,2016-11-17 19:49:57
偷自行车的人,8.9,5,看完好心痛，战争太残忍了，为了生存，什么都做得出来啊……,2016-11-15 22:05:18
冒牌天神,7.5,4,金凯瑞太逗了，詹妮弗美哭了,2016-11-14 15:36:23
蓝白红三部曲之红,8.7,5,最后遇难轮船幸存者全是三部曲的的主角啊卧槽！,2016-11-13 21:22:55
蓝白红三部曲之白,8.4,5,好玩的，没 蓝 那么压抑,2016-11-12 23:35:09
蓝白红三部曲之蓝,8.5,4,好沉重的电影，看完挺累的，全片讲述了女主走向堕落的过程嘛，哈哈,2016-11-12 18:35:01
恋恋书中人,7.5,4,,2016-11-12 12:47:41
非常主播,7.9,5,很好看的喜剧啊，赞赞赞,2016-11-10 23:50:45
和莎莫的500天,8.0,5,有趣的电影，好听的bgm，难得的爱情好片,2016-11-09 19:26:57
火锅英雄,7.2,2,不好看，剧情太乱,2016-11-07 20:02:27
奇异博士,7.6,5,可以，挺好看的,2016-11-05 21:10:38
非常嫌疑犯,8.6,5,凯文史派西演技简直了，好看到爆,2016-11-05 14:12:38
你眼中的世界,7.5,4,设定新颖，男女主颜值高演技棒。可惜最后都没解释这种现象的原理，害我期待了一整部。,2016-10-31 22:29:20
自梳,8.3,5,太美了，太好看了。虽然不知道为什么意欢和玉环为什么会分开...,2016-10-30 20:16:05
阳光小美女,8.2,5,跳脱衣舞那段太经典了！另外喜欢最后偷奖杯的那个结局,2016-10-30 13:31:54
这个男人来自地球,8.5,4,设定很棒，最后反转也很棒,2016-10-29 18:29:25
香肠派对,7.1,3,也就最后那一段有点污，全篇来说一般吧,2016-10-29 17:38:20
路边野餐,7.8,5,当我的光曝在你的身上，重逢就是一间暗室。,2016-10-25 20:05:17
誓约,7.2,3,女主好美，演技棒棒哒，导演处理的一些细节也很完美,2016-10-16 14:35:16
心房客,8.4,4,寂寞的人不该看这种电影,2016-10-07 21:27:21
爱有来生,7.6,5,难得的国产爱情电影佳作,2016-10-04 16:05:38
破坏之王,7.4,4,经典，永不过时，233,2016-09-21 22:09:07
釜山行,8.3,4,,2016-09-15 11:09:54
城南旧事,8.8,2,觉得这部电影能表达的东西实在有限，或者限于当时的拍摄条件无法表达吧，又或者是全开放式电影，全由读者自己揣摩？那我觉得倒不如看书更有想象空间。,2016-08-31 23:35:55
大鱼海棠,6.6,3,挺适合睡觉的，但是凳子太难受，睡得不舒服。,2016-07-23 16:44:50
惊天魔盗团,7.5,3,有很多bug,2016-07-13 13:02:55
我的少女时代,7.8,3,套路一般吧，有一些硬伤，但总体还可以，中规中矩,2016-07-12 01:16:55
老人与海,8.9,5,正好大鱼海棠上映了，对比下,2016-07-09 03:15:13
白日梦想家,8.3,3,,2016-07-07 13:03:27
海底总动员2：多莉去哪儿,7.4,2,,2016-06-21 15:25:59
魔兽,7.7,5,,2016-06-21 15:25:39
百鸟朝凤,8.0,5,,2016-05-14 20:51:10
猎神：冬日之战,5.4,2,,2016-04-28 23:58:47
小羊肖恩,8.4,5,,2016-04-09 14:23:29
末路狂花,8.7,5,,2016-03-12 21:36:21
疯狂动物城,9.1,4,,2016-03-06 23:16:44
老炮儿,7.8,3,,2016-02-14 00:00:53
唐人街探案,7.5,4,,2016-02-12 20:53:28
五十度灰,5.1,1,,2016-02-10 22:04:52
山河故人,7.8,4,,2016-02-09 18:25:43
完美的世界,9.0,4,,2016-02-09 13:43:25
爆裂鼓手,8.6,4,,2016-02-09 13:17:54
滚蛋吧！肿瘤君,7.4,3,,2016-02-08 22:25:33
心迷宫,8.7,5,,2016-02-08 17:47:58
海洋之歌,8.7,4,,2016-02-08 15:47:47
十二公民,8.3,3,,2016-02-07 00:42:04
一个勺子,7.7,5,,2016-02-07 00:41:47
头脑特工队,8.7,5,,2016-02-05 19:59:07
寻龙诀,7.5,4,,2016-02-05 15:03:57
西游记之大圣归来,8.2,5,,2016-02-04 18:14:52
八仙饭店之人肉叉烧包,7.2,3,,2016-01-17 12:48:01
星球大战7：原力觉醒,7.1,2,还没高潮就没了，扫兴,2016-01-09 22:53:06
狗镇,8.4,5,,2015-12-21 23:55:41
真爱至上,8.5,4,,2015-12-21 20:32:03
最佳出价,8.3,5,,2015-12-21 20:30:44
萤火之森,8.8,3,,2015-12-21 20:24:36
怦然星动,4.2,1,,2015-12-14 09:40:40
007：幽灵党,6.2,4,,2015-11-14 22:03:23
7号房的礼物,8.7,3,,2015-10-05 13:28:04
小黄人大眼萌,7.3,2,,2015-09-19 15:41:59
煎饼侠,5.9,3,,2015-09-16 23:46:10
捉妖记,6.7,3,,2015-09-14 23:51:29
女子学校拷问部,5.3,4,虐恋啊 好看,2015-07-28 01:34:52
古惑仔之人在江湖,7.8,3,,2015-07-25 16:32:00
速度与激情7,8.3,5,,2015-04-18 09:27:54
穹顶之下,9.2,5,,2015-03-01 01:32:40
少年时代,8.5,4,,2015-02-27 23:55:04
巴黎淘气帮,8.6,4,,2015-02-08 20:06:12
穿条纹睡衣的男孩,8.9,4,,2015-02-08 16:50:39
甜蜜蜜,8.8,4,,2015-01-25 11:45:32
人工智能,8.6,4,居然之前看过了，后半部基本没有印象了。之前打得分数偏高，第二遍看下来期望度不够。,2015-01-11 23:04:12
第六感,8.8,5,,2015-01-11 20:36:51
拯救大兵瑞恩,8.9,5,,2015-01-11 12:38:00
一树梨花压海棠,8.1,4,,2014-12-19 23:34:57
音乐之声,8.9,5,,2014-12-06 13:55:40
不一样的天空,8.6,4,,2014-12-05 21:39:54
春光乍泄,8.8,5,,2014-12-05 13:14:49
虎口脱险,8.9,5,,2014-12-04 11:44:13
美国往事,9.1,5,,2014-12-03 18:17:49
幽灵公主,8.8,4,,2014-12-02 15:08:17
纵横四海,8.7,4,,2014-12-01 21:01:17
大鱼,8.7,5,,2014-11-30 21:32:11
喜宴,8.8,4,,2014-11-29 19:16:09
麦兜故事,8.5,3,,2014-11-28 23:32:22
英雄本色,8.6,5,,2014-11-28 11:46:29
猫鼠游戏,8.8,4,,2014-11-28 00:15:19
惊魂记,8.9,5,,2014-11-27 19:33:39
岁月神偷,8.6,5,,2014-11-27 16:12:11
致命魔术,8.8,5,,2014-11-26 23:30:05
蝙蝠侠：黑暗骑士崛起,8.6,5,,2014-11-20 16:58:36
蝙蝠侠：黑暗骑士,9.1,5,,2014-11-20 09:08:13
末代皇帝,9.0,4,,2014-11-19 15:50:15
蝙蝠侠：侠影之谜,8.3,4,,2014-11-18 22:39:50
就是这样,8.7,4,,2014-11-08 00:03:46
大闹天宫,9.3,5,,2014-11-06 23:02:11
饮食男女,9.1,5,,2014-11-06 10:40:43
雨中曲,9.0,5,,2014-11-06 08:28:46
哪吒闹海,8.9,4,,2014-11-05 12:01:00
美丽心灵,8.9,5,,2014-11-05 08:54:59
成为简·奥斯汀,8.2,3,,2014-11-04 08:40:20
荒岛余生,8.5,4,,2014-11-04 04:04:18
澳门风云,5.6,2,,2014-11-03 18:56:03
窃听风暴,9.1,5,,2014-11-03 05:12:47
傲慢与偏见,8.5,5,,2014-11-02 16:52:21
无人区,8.2,5,,2014-11-01 21:44:32
西游降魔篇,7.1,3,,2014-11-01 12:09:04
恐怖游轮,8.4,5,,2014-11-01 12:03:46
喜剧之王,8.6,4,,2014-10-31 19:43:12
疯狂的石头,8.3,5,,2014-10-31 07:13:23
熔炉,9.2,5,,2014-10-28 04:54:14
狮子王,8.9,4,,2014-10-27 16:29:04
饥饿游戏2：星火燎原,7.3,3,,2014-10-24 23:58:53
饥饿游戏,6.8,3,,2014-10-24 05:32:04
白鹿原,6.3,1,原著党别看这部电影了，简直就是糟粕。主要剧情删完了，剩下的也都杂乱无章，人物刻画无一饱满。,2014-10-10 15:41:19
辩护人,9.2,4,,2014-10-03 17:08:33
分手大师,5.0,2,,2014-09-28 21:52:42
小鞋子,9.2,3,,2014-06-08 15:40:11
素媛,9.1,5,,2014-05-16 23:02:20
海盗电台,8.6,5,,2014-05-07 14:13:13
黑客帝国,8.9,5,,2014-05-04 14:09:39
放手爱,2.3,1,,2014-05-03 16:51:31
被嫌弃的松子的一生,8.9,5,一部我想给6星的电影。,2014-05-02 16:30:19
天下无贼,7.8,4,,2014-04-23 13:47:41
穿普拉达的女王,7.9,4,,2014-04-23 13:47:20
海豚湾,9.3,5,,2014-04-21 14:08:32
天堂电影院,9.1,5,,2014-04-17 21:40:33
东邪西毒,8.6,5,,2014-04-17 11:12:29
摩登时代,9.2,5,,2014-04-17 11:10:13
城市之光,9.2,5,,2014-04-17 11:09:33
上帝也疯狂2,8.8,5,,2014-04-15 15:00:02
控方证人,9.6,5,,2014-04-12 13:52:25
快乐的大脚,7.3,3,,2014-04-11 21:39:59
快乐的大脚2,7.2,3,,2014-04-11 21:31:19
罗马假日,8.9,5,,2014-04-11 20:21:14
上帝也疯狂,8.6,5,,2014-04-11 16:12:04
永远的蝙蝠侠,6.5,3,,2014-04-11 14:11:18
蝙蝠侠归来,7.2,2,,2014-04-11 10:09:49
叫我第一名,8.6,5,,2014-04-10 14:53:20
蝙蝠侠,7.3,3,,2014-04-10 11:12:44
恋空,6.9,3,,2014-04-09 11:37:12
想爱就爱,7.5,4,,2014-04-09 11:34:40
暮光之城4：破晓(上),6.3,3,,2014-04-09 11:34:09
暮光之城3：月食,6.4,3,,2014-04-09 11:34:00
暮光之城2：新月,6.5,3,,2014-04-09 11:33:56
暮光之城,7.3,3,,2014-04-09 11:33:51
西西里的美丽传说,8.8,5,,2014-04-08 22:47:05
达拉斯买家俱乐部,8.7,4,,2014-04-08 13:13:53
怪兽电力公司,8.6,4,,2014-04-06 02:13:03
乱世佳人,9.2,5,,2014-04-05 20:28:48
西雅图未眠夜,7.9,4,,2014-04-05 17:21:39
东邪西毒：终极版,8.7,5,,2014-04-04 12:25:13
美丽人生,9.5,5,,2014-04-03 20:06:39
穆赫兰道,8.3,5,,2014-04-03 20:04:30
泰迪熊,7.0,3,,2014-04-03 16:39:21
一一,8.9,5,,2014-04-03 16:38:21
怪兽大学,8.1,5,,2014-04-03 12:22:36
极速蜗牛,7.2,3,,2014-04-03 00:39:03
射雕英雄传之东成西就,8.7,5,,2014-04-02 22:25:41
卢旺达饭店,8.9,4,,2014-04-02 19:54:59
星球大战,8.3,5,,2014-04-01 22:41:43
社交网络,8.1,5,,2014-04-01 22:38:06
源代码,8.4,5,,2014-04-01 22:36:17
倩女幽魂,8.6,5,,2014-04-01 22:35:59
阿凡达,8.6,5,,2014-04-01 22:32:46
搏击俱乐部,9.0,5,,2014-04-01 13:47:11
杀死比尔2,7.8,5,,2014-04-01 12:56:52
杀死比尔,8.1,5,,2014-04-01 12:55:53
夜访吸血鬼,8.3,5,,2014-04-01 10:32:55
唐山大地震,7.5,4,,2014-04-01 09:51:44
大笑江湖,4.5,2,,2014-04-01 09:50:59
变形金刚3,7.0,4,,2014-04-01 09:50:14
变形金刚2,7.6,4,,2014-04-01 09:50:06
变形金刚,8.1,5,,2014-04-01 09:49:59
狄仁杰之神都龙王,6.5,3,,2014-04-01 09:49:36
狄仁杰之通天帝国,6.4,3,,2014-04-01 09:48:07
狼的孩子雨和雪,8.6,5,,2014-04-01 09:44:34
春娇与志明,7.3,4,,2014-04-01 09:44:05
志明与春娇,8.0,5,,2014-04-01 09:43:57
音为爱,7.4,3,,2014-04-01 09:43:21
女性瘾者：第一部,7.7,4,,2014-03-31 20:25:47
地心引力,7.8,4,,2014-03-31 20:25:23
妈妈再爱我一次,8.3,4,,2014-03-30 13:41:05
比悲伤更悲伤的故事,7.7,3,,2014-03-29 23:03:57
爱情公寓2,8.0,3,,2014-03-28 23:25:46
北京爱情故事,7.5,3,,2014-03-28 23:23:23
越狱特别篇：最后一越,7.9,3,,2014-03-28 23:17:04
越狱兔 第一季,9.2,5,,2014-03-28 23:14:54
头文字D,7.0,4,,2014-03-28 22:59:28
色，戒,8.2,5,,2014-03-28 22:58:34
恋爱通告,5.9,3,,2014-03-28 22:58:01
本杰明·巴顿奇事,8.8,5,,2014-03-28 15:55:22
致命伴旅,6.6,4,,2014-03-28 15:05:35
爱在暹罗,8.3,4,,2014-03-28 14:03:10
画皮2,5.9,3,,2014-03-26 17:44:31
画皮,6.5,3,,2014-03-26 17:44:26
无极,5.1,1,,2014-03-26 17:43:18
教父,9.2,5,,2014-03-25 20:55:52
陆小凤传奇之血衣之谜,7.3,4,,2014-03-25 16:24:21
陆小凤传奇之剑神一笑,7.2,4,,2014-03-25 16:24:17
陆小凤传奇之银钩赌坊,7.3,4,,2014-03-25 16:24:13
陆小凤传奇之绣花大盗,7.4,4,,2014-03-25 16:24:09
陆小凤传奇之幽灵山庄,7.2,4,,2014-03-25 16:24:04
陆小凤传奇之凤舞九天,7.3,4,,2014-03-25 16:23:59
陆小凤传奇之决战前后,7.2,4,,2014-03-25 16:23:55
陆小凤传奇之铁鞋传奇,7.7,4,,2014-03-25 16:23:49
陆小凤传奇之大金鹏王,7.4,4,,2014-03-25 16:23:44
西游记之大闹天宫,4.1,1,,2014-03-25 16:21:24
失恋33天,7.3,3,,2014-03-25 16:17:44
乔布斯,6.0,2,,2014-03-25 16:06:26
致我们终将逝去的青春,6.6,3,,2014-03-25 16:01:56
小时代,4.7,1,,2014-03-25 16:01:47
老无所依,8.1,5,,2014-03-24 23:22:57
拆弹部队,7.7,5,,2014-03-24 23:22:35
鬼子来了,9.2,5,,2014-03-24 23:07:11
罗拉快跑,8.1,5,,2014-03-24 16:31:22
初三大四我爱你,7.1,3,,2014-03-24 16:26:48
你好，陌生人,7.7,4,,2014-03-24 16:26:20
活着,9.1,5,,2014-03-24 16:16:43
勇敢的心,8.8,5,,2014-03-23 22:23:34
钢琴家,9.0,5,,2014-03-23 18:03:40
辛德勒的名单,9.4,5,,2014-03-23 14:37:43
十二怒汉,9.4,5,,2014-03-21 21:32:34
血钻,8.5,5,,2014-03-21 17:26:50
生化危机,7.9,4,,2014-03-21 16:45:01
恐怖直播,8.7,5,,2014-03-19 22:56:07
了不起的盖茨比,7.7,4,,2014-03-19 20:14:03
127小时,8.1,4,,2014-03-18 20:07:29
侧耳倾听,8.8,5,,2014-03-17 22:56:40
大灌篮,5.2,3,,2014-03-16 23:11:43
十全九美,5.1,2,,2014-03-16 23:11:36
合约情人,5.3,3,,2014-03-16 23:10:22
搭错车,8.3,5,,2014-03-16 22:41:08
魔女宅急便,8.5,4,,2014-03-15 14:45:05
红猪,8.4,4,,2014-03-14 19:23:59
关于莉莉周的一切,7.8,4,,2014-03-13 20:40:48
加勒比海盗2：聚魂棺,8.1,4,,2014-03-13 19:24:05
加勒比海盗3：世界的尽头,8.1,4,,2014-03-13 19:23:59
加勒比海盗4：惊涛怪浪,7.5,4,,2014-03-13 19:23:53
理发师陶德,7.7,4,,2014-03-13 19:02:55
哈尔的移动城堡,8.9,4,,2014-03-13 18:50:22
查理和巧克力工厂,8.0,4,,2014-03-13 16:42:22
爱丽丝梦游仙境,7.1,3,,2014-03-13 16:36:42
借东西的小人阿莉埃蒂,8.7,5,,2014-03-12 19:54:51
血肉之躯,7.3,4,,2014-03-11 22:49:48
南国野兽,7.6,4,,2014-03-11 13:33:02
萤火虫之墓,8.7,5,,2014-03-11 11:26:52
悬崖上的金鱼姬,8.3,3,,2014-03-10 22:26:33
神偷奶爸2,8.0,4,,2014-03-10 15:29:48
精灵旅社,7.8,4,,2014-03-10 15:28:12
魔发奇缘,8.2,5,,2014-03-10 15:27:00
神偷奶爸,8.5,5,,2014-03-10 15:26:34
秒速5厘米,8.3,5,,2014-03-10 15:26:15
里约大冒险,8.3,5,,2014-03-10 15:26:10
穿越时空的少女,8.6,5,,2014-03-10 15:26:01
风之谷,8.8,5,,2014-03-10 15:25:35
驯龙高手,8.7,5,,2014-03-10 15:24:09
飞屋环游记,8.9,5,,2014-03-10 15:23:59
玛丽和马克思,8.9,5,,2014-03-10 15:23:50
天空之城,9.0,5,,2014-03-10 15:23:46
疯狂原始人,8.7,5,,2014-03-10 15:23:08
龙猫,9.1,5,,2014-03-10 15:23:02
寂静岭,7.5,4,,2014-03-10 15:16:43
老男孩,8.2,5,,2014-03-10 15:14:03
记忆碎片,8.6,5,,2014-03-10 15:12:13
禁闭岛,8.7,5,,2014-03-10 15:05:30
幸福终点站,8.7,5,,2014-03-10 15:04:55
玩具总动员2,8.1,5,,2014-03-10 15:04:23
玩具总动员,8.2,5,,2014-03-10 15:04:16
美食总动员,8.3,5,,2014-03-10 15:04:10
玩具总动员3,8.8,5,,2014-03-10 15:03:44
海底总动员,8.3,5,,2014-03-10 15:03:34
赛车总动员,7.8,4,,2014-03-10 15:03:20
机器人总动员,9.3,5,,2014-03-10 15:02:44
阿郎的故事,8.5,5,,2014-03-10 15:01:22
恋恋笔记本,8.5,5,,2014-03-10 15:01:07
贫民窟的百万富翁,8.5,5,,2014-03-10 14:58:26
黑天鹅,8.5,5,,2014-03-10 14:58:21
加勒比海盗,8.6,5,,2014-03-10 14:58:17
逆光飞翔,8.2,4,,2014-03-10 14:57:51
那些年，我们一起追的女孩,8.1,5,,2014-03-10 14:57:40
断背山,8.7,5,,2014-03-10 14:57:31
悲惨世界,8.5,5,,2014-03-10 14:57:26
死神来了5,6.5,4,,2014-03-10 14:55:06
死神来了4,6.3,3,,2014-03-10 14:54:56
死神来了3,6.9,3,,2014-03-10 14:54:51
死神来了2,7.2,4,,2014-03-10 14:54:43
死神来了,7.7,4,,2014-03-10 14:54:36
速度与激情2,7.2,4,,2014-03-10 14:54:04
速度与激情3：东京漂移,6.6,4,,2014-03-10 14:53:54
速度与激情6,7.7,4,,2014-03-10 14:53:42
速度与激情5,8.4,4,,2014-03-10 14:53:29
速度与激情4,7.6,4,,2014-03-10 14:53:14
电锯惊魂7,7.5,4,,2014-03-10 14:52:23
电锯惊魂6,7.7,4,,2014-03-10 14:52:12
电锯惊魂5,7.6,4,,2014-03-10 14:52:02
电锯惊魂4,7.6,4,,2014-03-10 14:51:51
电锯惊魂3,7.8,4,,2014-03-10 14:51:33
电锯惊魂2,8.1,4,,2014-03-10 14:45:45
速度与激情,7.6,4,,2014-03-09 20:04:28
孤儿怨,8.1,4,,2014-03-09 20:03:30
钢铁侠,8.0,4,,2014-03-09 19:57:15
完全家族,4.6,2,,2014-03-09 19:55:53
豚鼠系列之5：下水道的美人鱼,5.9,4,,2014-03-09 19:55:37
电锯惊魂,8.7,5,,2014-03-09 19:55:08
重庆森林,8.7,5,,2014-03-09 19:54:10
蝴蝶效应,8.7,5,,2014-03-09 19:54:05
悲惨世界,8.7,5,,2014-03-09 19:54:00
两小无猜,8.6,5,,2014-03-09 19:53:37
罗生门,8.7,5,,2014-03-09 19:53:05
告白,8.7,5,,2014-03-09 19:52:36
无间道,9.1,5,,2014-03-09 19:52:27
阳光灿烂的日子,8.8,5,,2014-03-09 19:52:23
入殓师,8.8,5,,2014-03-09 19:52:16
七宗罪,8.7,5,,2014-03-09 19:52:03
情书,8.8,5,,2014-03-09 19:51:54
雨人,8.6,5,,2014-03-09 19:51:14
地球上的星星,8.8,5,,2014-03-09 19:48:39
菊次郎的夏天,8.7,5,,2014-03-09 19:48:29
爱在黎明破晓前,8.7,5,,2014-03-09 19:48:23
指环王1：魔戒再现,8.9,5,,2014-03-09 19:48:06
指环王2：双塔奇兵,9.0,5,,2014-03-09 19:48:01
死亡诗社,9.0,5,,2014-03-09 19:47:56
闻香识女人,9.0,5,,2014-03-09 19:47:45
怦然心动,9.0,5,,2014-03-09 19:47:41
当幸福来敲门,9.0,5,,2014-03-09 19:47:36
让子弹飞,8.7,5,,2014-03-09 19:47:32
楚门的世界,9.1,5,,2014-03-09 19:46:57
泰坦尼克号,9.3,5,,2014-03-09 19:46:44
触不可及,9.2,5,,2014-03-09 19:46:28
指环王3：王者无敌,9.1,5,,2014-03-09 19:46:23
忠犬八公的故事,9.3,5,,2014-03-09 19:46:03
放牛班的春天,9.2,5,,2014-03-09 19:45:57
海上钢琴师,9.2,5,,2014-03-09 19:45:48
盗梦空间,9.3,5,,2014-03-09 19:45:38
阿甘正传,9.4,5,,2014-03-09 19:45:24
这个杀手不太冷,9.4,5,,2014-03-09 19:45:01
肖申克的救赎,9.6,5,,2014-03-09 19:44:37
阳光姐妹淘,8.8,5,,2014-03-09 19:43:52
我脑中的橡皮擦,7.8,4,,2014-03-09 19:43:16
不能说的秘密,7.7,5,,2014-03-09 19:42:30
听说,8.1,4,,2014-03-09 19:42:15
初恋这件小事,8.3,4,,2014-03-09 19:40:39
天使爱美丽,8.7,5,,2014-03-09 19:40:14
两小无猜,8.1,5,,2014-03-09 19:39:48
一天,7.8,4,,2014-03-09 19:39:37
大话西游之月光宝盒,8.9,5,,2014-03-09 19:37:37
飞越疯人院,9.0,5,,2014-03-09 19:11:52
唐伯虎点秋香,8.4,4,,2014-03-09 19:08:57
功夫,8.1,4,,2014-03-09 19:08:41
大话西游之大圣娶亲,9.2,5,,2014-03-09 19:08:22
剪刀手爱德华,8.7,5,,2014-03-09 19:08:02
霸王别姬,9.6,5,,2014-03-09 19:05:20
霍比特人1：意外之旅,8.2,5,,2014-03-09 18:56:55
冰川时代4,8.0,4,,2014-03-09 18:56:02
冰川时代3,8.2,4,,2014-03-09 18:55:53
冰川时代2：融冰之灾,8.0,3,,2014-03-09 18:55:43
冰川时代,8.5,5,,2014-03-09 18:55:28
千与千寻,9.3,5,,2014-03-09 18:55:07
再见我们的幼儿园,8.7,5,,2014-03-09 18:54:48
僵尸新娘,8.2,5,,2014-03-09 18:54:43
你看起来好像很好吃,8.8,5,,2014-03-09 18:54:23
V字仇杀队,8.8,5,,2014-03-09 18:54:03
国王的演讲,8.3,4,,2014-03-09 18:53:51
两杆大烟枪,9.1,5,,2014-03-09 18:53:29
低俗小说,8.8,5,,2014-03-09 18:53:18
上帝之城,8.9,5,,2014-03-09 18:53:05
沉默的羔羊,8.8,5,,2014-03-09 18:52:26
冰雪奇缘,8.3,5,,2014-03-09 18:51:37
北京遇上西雅图,7.4,4,,2013-07-17 19:49:31
人再囧途之泰囧,7.4,4,,2013-07-17 19:49:05
三傻大闹宝莱坞,9.2,5,,2013-07-17 19:48:46
中国合伙人,7.6,4,不错的励志电影,2013-07-17 19:48:27
天台爱情,6.8,4,有点虎头蛇尾的感觉吧，结尾比较坑，音乐不错,2013-07-17 19:47:43
少年派的奇幻漂流,9.0,4,其实还有很多瑕疵的，但总体还不错啦，值得一看！,2012-11-26 22:44:54
